alpha-2,Entity,Code,Year,Carbon intensity of electricity (gCO2/kWh)
AE,United Arab Emirates,ARE,2020,427.86282
AF,Afghanistan,AFG,2020,115.38463
AG,Antigua and Barbuda,ATG,2020,687.5
AL,Albania,ALB,2020,24.482107
AM,Armenia,ARM,2021,206.94258
AO,Angola,AGO,2020,168.86728
AR,Argentina,ARG,2021,347.29196
AS,American Samoa,ASM,2020,733.3333
AT,Austria,AUT,2021,81.25418
AU,Australia,AUS,2021,486.25497
AW,Aruba,ABW,2020,579.5454
AZ,Azerbaijan,AZE,2021,481.51907
BA,Bosnia and Herzegovina,BIH,2021,478.45804
BB,Barbados,BRB,2020,670.103
BD,Bangladesh,BGD,2021,446.66843
BE,Belgium,BEL,2021,139.7274
BF,Burkina Faso,BFA,2020,631.25
BG,Bulgaria,BGR,2021,419.39273
BH,Bahrain,BHR,2020,489.95312
BI,Burundi,BDI,2021,312.5
BJ,Benin,BEN,2020,652.17395
BR,Brazil,BRA,2021,141.77426
BS,Bahamas,BHS,2020,698.49243
BT,Bhutan,BTN,2020,23.463686
BW,Botswana,BWA,2020,800.0
BY,Belarus,BLR,2021,443.62558
BZ,Belize,BLZ,2020,474.57626
CA,Canada,CAN,2021,118.99668
CF,Central African Republic,CAF,2020,0.0
CG,Congo,COG,2020,364.14563
CH,Switzerland,CHE,2021,57.772644
CK,Cook Islands,COK,2020,500.0
CL,Chile,CHL,2021,374.46323
CM,Cameroon,CMR,2020,243.7071
CN,China,CHN,2021,541.3317
CO,Colombia,COL,2020,192.62947
CR,Costa Rica,CRI,2021,30.903326
CU,Cuba,CUB,2020,575.9049
CY,Cyprus,CYP,2021,587.49805
CZ,Czechia,CZE,2021,412.24548
DE,Germany,DEU,2021,352.42252
DJ,Djibouti,DJI,2020,800.0
DK,Denmark,DNK,2021,149.74605
DM,Dominica,DMA,2020,500.0
DO,Dominican Republic,DOM,2020,605.7243
DZ,Algeria,DZA,2020,449.74878
EC,Ecuador,ECU,2021,137.54825
EE,Estonia,EST,2021,739.8695
EG,Egypt,EGY,2021,389.0191
EH,Western Sahara,ESH,2009,666.6666
ER,Eritrea,ERI,2020,659.0909
ES,Spain,ESP,2021,169.03445
ET,Ethiopia,ETH,2020,25.441698
FI,Finland,FIN,2021,68.833595
FJ,Fiji,FJI,2020,292.92926
FR,France,FRA,2021,58.4792
GA,Gabon,GAB,2020,294.91525
GB,United Kingdom,GBR,2021,264.5091
GD,Grenada,GRD,2020,700.0
GE,Georgia,GEO,2021,111.374405
GF,French Guiana,GUF,2020,350.51547
GH,Ghana,GHA,2020,355.04724
GL,Greenland,GRL,2020,118.644066
GM,Gambia,GMB,2020,689.65515
GN,Guinea,GIN,2020,175.0
GP,Guadeloupe,GLP,2020,588.6076
GQ,Equatorial Guinea,GNQ,2020,628.31854
GR,Greece,GRC,2021,430.25867
GT,Guatemala,GTM,2020,332.0158
GU,Guam,GUM,2020,670.58826
GW,Guinea-Bissau,GNB,2020,750.0
GY,Guyana,GUY,2020,636.3636
HK,Hong Kong,HKG,2020,644.89954
HN,Honduras,HND,2020,358.64594
HR,Croatia,HRV,2021,131.26709
HT,Haiti,HTI,2020,606.383
HU,Hungary,HUN,2021,195.50255
ID,Indonesia,IDN,2020,624.6789
IE,Ireland,IRL,2021,381.08688
IL,Israel,ISR,2020,527.77277
IN,India,IND,2021,626.0071
IQ,Iraq,IRQ,2020,419.7325
IS,Iceland,ISL,2020,28.75471
IT,Italy,ITA,2021,222.8387
JM,Jamaica,JAM,2020,532.3383
JO,Jordan,JOR,2020,432.20337
JP,Japan,JPN,2021,416.4962
KE,Kenya,KEN,2021,112.37928
KG,Kyrgyzstan,KGZ,2020,91.52752
KH,Cambodia,KHM,2020,423.52942
KI,Kiribati,KIR,2020,666.6667
KM,Comoros,COM,2020,692.3078
KN,Saint Kitts and Nevis,KNA,2020,666.6667
KW,Kuwait,KWT,2020,438.1219
KY,Cayman Islands,CYM,2020,681.1594
KZ,Kazakhstan,KAZ,2021,654.9424
LB,Lebanon,LBN,2020,544.89166
LC,Saint Lucia,LCA,2020,696.9697
LK,Sri Lanka,LKA,2020,439.22418
LR,Liberia,LBR,2020,292.13483
LS,Lesotho,LSO,2020,20.0
LT,Lithuania,LTU,2021,209.03082
LU,Luxembourg,LUX,2021,0.0
LV,Latvia,LVA,2021,171.61119
LY,Libya,LBY,2020,496.51044
MA,Morocco,MAR,2020,571.06445
ME,Montenegro,MNE,2021,350.6849
MG,Madagascar,MDG,2020,452.8302
MK,North Macedonia,MKD,2021,349.11407
ML,Mali,MLI,2020,465.625
MM,Myanmar,MMR,2020,311.10156
MN,Mongolia,MNG,2021,725.97406
MO,Macao,MAC,2020,482.14288
MQ,Martinique,MTQ,2020,653.5948
MR,Mauritania,MRT,2020,522.7273
MS,Montserrat,MSR,2020,1000.0
MT,Malta,MLT,2021,406.50406
MU,Mauritius,MUS,2020,613.1387
MV,Maldives,MDV,2020,701.7544
MW,Malawi,MWI,2020,113.20756
MX,Mexico,MEX,2021,373.80746
MY,Malaysia,MYS,2021,541.00055
MZ,Mozambique,MOZ,2020,129.77527
NA,Namibia,NAM,2020,56.603775
NC,New Caledonia,NCL,2020,640.0
NE,Niger,NER,2020,675.00006
NG,Nigeria,NGA,2020,395.2415
NI,Nicaragua,NIC,2020,343.34766
NL,Netherlands,NLD,2021,328.90408
NO,Norway,NOR,2021,25.080723
NP,Nepal,NPL,2020,22.653723
NR,Nauru,NRU,2020,750.0
NZ,New Zealand,NZL,2021,135.98497
OM,Oman,OMN,2020,440.53098
PA,Panama,PAN,2020,183.39417
PE,Peru,PER,2021,233.97925
PF,French Polynesia,PYF,2020,469.69696
PG,Papua New Guinea,PNG,2020,563.6793
PH,Philippines,PHL,2021,544.3023
PK,Pakistan,PAK,2021,295.77448
PL,Poland,POL,2021,727.7765
PM,Saint Pierre and Miquelon,SPM,2020,800.0
PR,Puerto Rico,PRI,2020,664.7727
PT,Portugal,PRT,2021,181.10257
PY,Paraguay,PRY,2020,23.915686
QA,Qatar,QAT,2020,442.76172
RO,Romania,ROU,2021,252.84236
RS,Serbia,SRB,2021,545.552
RW,Rwanda,RWA,2020,289.15662
SA,Saudi Arabia,SAU,2021,568.50006
SB,Solomon Islands,SLB,2020,700.0
SC,Seychelles,SYC,2020,698.1133
SD,Sudan,SDN,2020,259.31232
SE,Sweden,SWE,2021,11.770537
SG,Singapore,SGP,2021,463.89664
SI,Slovenia,SVN,2021,250.87906
SK,Slovakia,SVK,2021,100.85782
SL,Sierra Leone,SLE,2020,47.61905
SN,Senegal,SEN,2021,534.4203
SO,Somalia,SOM,2020,648.6486
SR,Suriname,SUR,2020,298.7013
SS,South Sudan,SSD,2020,698.1133
ST,Sao Tome and Principe,STP,2020,600.0
SV,El Salvador,SLV,2021,245.827
SZ,Eswatini,SWZ,2020,203.12498
TC,Turks and Caicos Islands,TCA,2020,720.00006
TD,Chad,TCD,2020,678.5714
TG,Togo,TGO,2020,576.92316
TH,Thailand,THA,2021,503.15494
TJ,Tajikistan,TJK,2021,83.28969
TM,Turkmenistan,TKM,2020,412.32855
TN,Tunisia,TUN,2021,470.38147
TO,Tonga,TON,2020,666.6667
TR,Turkey,TUR,2021,429.6388
TT,Trinidad and Tobago,TTO,2020,497.9688
UA,Ukraine,UKR,2021,240.50241
UG,Uganda,UGA,2020,77.0878
US,United States,USA,2021,357.2021
UY,Uruguay,URY,2021,152.38716
UZ,Uzbekistan,UZB,2020,426.88644
VC,Saint Vincent and the Grenadines,VCT,2020,533.3333
VU,Vanuatu,VUT,2020,571.4286
WS,Samoa,WSM,2020,500.0
YE,Yemen,YEM,2020,538.46155
ZA,South Africa,ZAF,2021,664.73755
ZM,Zambia,ZMB,2020,120.77597
ZW,Zimbabwe,ZWE,2020,279.0279
